fulfilment_location,alias
koskii tower,BLRTK
delhi rajouri,DELRG
koskii phoenix,BLRPM
shopify_in,KSHIN
koskii jayanagar,BLRJN
koskii commercial,BLRCM
koskii karol bagh,DELKB
koskii nexus mall,HYDNM
koskii phoenix chennai,CHNPM
koskii omaxe mall,DELOM
koskii banjara hills,HYDBH
koskii chickpet,BLRCH
koskii mg road kochi,KOCMG
koskii annanagar,CHNAN
koskii sarath city mall,HYDSS
koskii rs puram,COIRP
koskii mall of asia,BLRMA
koskii falcon city,BLRFC
increff warehouse bangalore,IWB
koskii warehouse bangalore,KWB
koskii stock transit,KST
koskii jubilee hills,HYDJH
koskii kamaraj,BLRKR
koskii fraud returns,KFR
koskii stock marketing,KSM
koskii delhi warehouse,KDW
koskii south extension,DELSX
koskii stock block,KSB
koskii nykaa,KNY
koskii stock return,KSR
koskii stock sample,KSS
koskii shivajinagar,BLRSN
tehey urs road,Mysor
koskii stock photoshoot,KSP
koskii myntra,KMY
koskii stock damage,KSD
koskii cathedral road,CHNCR
koskii stock holding,KSH
shopify_us,KEC